left_x0,left_y0,left_z0,left_x1,left_y1,left_z1,left_x2,left_y2,left_z2,left_x3,left_y3,left_z3,left_x4,left_y4,left_z4,left_x5,left_y5,left_z5,left_x6,left_y6,left_z6,left_x7,left_y7,left_z7,left_x8,left_y8,left_z8,left_x9,left_y9,left_z9,left_x10,left_y10,left_z10,left_x11,left_y11,left_z11,left_x12,left_y12,left_z12,left_x13,left_y13,left_z13,left_x14,left_y14,left_z14,left_x15,left_y15,left_z15,left_x16,left_y16,left_z16,left_x17,left_y17,left_z17,left_x18,left_y18,left_z18,left_x19,left_y19,left_z19,left_x20,left_y20,left_z20,right_x0,right_y0,right_z0,right_x1,right_y1,right_z1,right_x2,right_y2,right_z2,right_x3,right_y3,right_z3,right_x4,right_y4,right_z4,right_x5,right_y5,right_z5,right_x6,right_y6,right_z6,right_x7,right_y7,right_z7,right_x8,right_y8,right_z8,right_x9,right_y9,right_z9,right_x10,right_y10,right_z10,right_x11,right_y11,right_z11,right_x12,right_y12,right_z12,right_x13,right_y13,right_z13,right_x14,right_y14,right_z14,right_x15,right_y15,right_z15,right_x16,right_y16,right_z16,right_x17,right_y17,right_z17,right_x18,right_y18,right_z18,right_x19,right_y19,right_z19,right_x20,right_y20,right_z20,label
0.2882871627807617,0.6268535852432251,1.082031872101652e-06,0.3453109562397003,0.48237353563308716,-0.02871168591082096,0.38377127051353455,0.39708590507507324,-0.08556664735078812,0.41863688826560974,0.36410707235336304,-0.13421481847763062,0.44448715448379517,0.3753579258918762,-0.1783073991537094,0.3166523277759552,0.37422728538513184,-0.18034958839416504,0.30656832456588745,0.3153664469718933,-0.2603284418582916,0.34318214654922485,0.28321436047554016,-0.2869468927383423,0.37310975790023804,0.28502076864242554,-0.2955929934978485,0.29129838943481445,0.4501219689846039,-0.19418689608573914,0.3595026433467865,0.4251521825790405,-0.2767952084541321,0.40829721093177795,0.4362328052520752,-0.2665121853351593,0.42943334579467773,0.45617035031318665,-0.2480030357837677,0.28733283281326294,0.5437954068183899,-0.2043636292219162,0.3772069215774536,0.5289989113807678,-0.27116748690605164,0.40927374362945557,0.5213935971260071,-0.22886893153190613,0.4065762758255005,0.5144469738006592,-0.18681097030639648,0.2931338846683502,0.631797194480896,-0.21580658853054047,0.3708858788013458,0.63633793592453,-0.26186421513557434,0.4005497097969055,0.6097884178161621,-0.2416941523551941,0.40177538990974426,0.5853416323661804,-0.2161906361579895,0,0,0,0,0,0,0,0,0,0,0,0,0,0,0,0,0,0,0,0,0,0,0,0,0,0,0,0,0,0,0,0,0,0,0,0,0,0,0,0,0,0,0,0,0,0,0,0,0,0,0,0,0,0,0,0,0,0,0,0,0,0,0,You
0.28291574120521545,0.6270507574081421,1.006677280201984e-06,0.33718276023864746,0.49338585138320923,-0.03210296854376793,0.37582460045814514,0.40949684381484985,-0.0864897295832634,0.41035014390945435,0.3703671097755432,-0.13533727824687958,0.4335762858390808,0.3739652633666992,-0.17998561263084412,0.30676835775375366,0.3658669888973236,-0.15281349420547485,0.3022916913032532,0.3061521053314209,-0.23057878017425537,0.340629518032074,0.27739331126213074,-0.26145777106285095,0.3700807988643646,0.27489417791366577,-0.27406764030456543,0.2758738398551941,0.4385291039943695,-0.1684318333864212,0.36132821440696716,0.40543675422668457,-0.25011003017425537,0.4130781888961792,0.43021953105926514,-0.2500689923763275,0.4287951588630676,0.4557577073574066,-0.2395477592945099,0.27309107780456543,0.5334079265594482,-0.18284644186496735,0.378915935754776,0.5175387859344482,-0.24885252118110657,0.4163798689842224,0.5329365730285645,-0.21523916721343994,0.40597987174987793,0.5411549806594849,-0.18116997182369232,0.28308945894241333,0.6203946471214294,-0.19972065091133118,0.3693740963935852,0.621861457824707,-0.24121731519699097,0.40217286348342896,0.6078934669494629,-0.22173775732517242,0.3973396122455597,0.5925278663635254,-0.19964781403541565,0,0,0,0,0,0,0,0,0,0,0,0,0,0,0,0,0,0,0,0,0,0,0,0,0,0,0,0,0,0,0,0,0,0,0,0,0,0,0,0,0,0,0,0,0,0,0,0,0,0,0,0,0,0,0,0,0,0,0,0,0,0,0,You
0.2885598838329315,0.6133134365081787,9.363289450448065e-07,0.345443993806839,0.47846513986587524,-0.031053274869918823,0.38370072841644287,0.3865239918231964,-0.08302952349185944,0.41524091362953186,0.3550257682800293,-0.12906886637210846,0.43950343132019043,0.37084493041038513,-0.16909408569335938,0.3137199878692627,0.3561077117919922,-0.15718932449817657,0.3056732714176178,0.2869740128517151,-0.239270880818367,0.33730122447013855,0.2632278800010681,-0.2744539976119995,0.36299413442611694,0.2620514929294586,-0.29256686568260193,0.28016728162765503,0.4321422576904297,-0.176640585064888,0.3314512073993683,0.382784366607666,-0.2762937545776367,0.3843078017234802,0.3939533829689026,-0.29292112588882446,0.41286349296569824,0.41363027691841125,-0.2945639193058014,0.27391865849494934,0.526205837726593,-0.19361314177513123,0.36839380860328674,0.5070069432258606,-0.27229219675064087,0.4106947183609009,0.5234135985374451,-0.2477995604276657,0.4106544852256775,0.526832640171051,-0.219789057970047,0.28561368584632874,0.6123028993606567,-0.21261119842529297,0.36942601203918457,0.6115517616271973,-0.2640349566936493,0.4018544554710388,0.606248676776886,-0.2527357041835785,0.3961293399333954,0.5884996652603149,-0.23730143904685974,0,0,0,0,0,0,0,0,0,0,0,0,0,0,0,0,0,0,0,0,0,0,0,0,0,0,0,0,0,0,0,0,0,0,0,0,0,0,0,0,0,0,0,0,0,0,0,0,0,0,0,0,0,0,0,0,0,0,0,0,0,0,0,You
0,0,0,0,0,0,0,0,0,0,0,0,0,0,0,0,0,0,0,0,0,0,0,0,0,0,0,0,0,0,0,0,0,0,0,0,0,0,0,0,0,0,0,0,0,0,0,0,0,0,0,0,0,0,0,0,0,0,0,0,0,0,0,0,0,0,0,0,0,0,0,0,0,0,0,0,0,0,0,0,0,0,0,0,0,0,0,0,0,0,0,0,0,0,0,0,0,0,0,0,0,0,0,0,0,0,0,0,0,0,0,0,0,0,0,0,0,0,0,0,0,0,0,0,0,0,You
0.34134164452552795,0.5279152989387512,3.4696049056037737e-07,0.35560643672943115,0.4255399703979492,-0.06287233531475067,0.38598042726516724,0.3422028422355652,-0.13642162084579468,0.42222893238067627,0.31790560483932495,-0.2032720148563385,0.4542003870010376,0.3907146155834198,-0.26818305253982544,0.301173597574234,0.3403865098953247,-0.1787319779396057,0.3087300956249237,0.30734002590179443,-0.29178184270858765,0.3368534743785858,0.2739108204841614,-0.35370901226997375,0.37273985147476196,0.25509530305862427,-0.38208648562431335,0.29020899534225464,0.43702709674835205,-0.1839606612920761,0.3559844493865967,0.404999315738678,-0.297525018453598,0.41192060708999634,0.4134625494480133,-0.3197009861469269,0.4362947344779968,0.42911505699157715,-0.31898170709609985,0.2929835915565491,0.5300556421279907,-0.19326899945735931,0.3582758903503418,0.5105271339416504,-0.28526127338409424,0.39476391673088074,0.5008416175842285,-0.28062570095062256,0.4006761908531189,0.49250587821006775,-0.26064831018447876,0.29904237389564514,0.6117817163467407,-0.20711472630500793,0.3549327552318573,0.6070570945739746,-0.26901501417160034,0.37994253635406494,0.5859121084213257,-0.27351295948028564,0.37934890389442444,0.5611704587936401,-0.2658938467502594,0,0,0,0,0,0,0,0,0,0,0,0,0,0,0,0,0,0,0,0,0,0,0,0,0,0,0,0,0,0,0,0,0,0,0,0,0,0,0,0,0,0,0,0,0,0,0,0,0,0,0,0,0,0,0,0,0,0,0,0,0,0,0,You
0.3390452265739441,0.5601205825805664,4.212803048631031e-07,0.3668118417263031,0.440302312374115,-0.0475202314555645,0.39681828022003174,0.3415195345878601,-0.10307297110557556,0.42483198642730713,0.3187239468097687,-0.15323418378829956,0.442497193813324,0.38606804609298706,-0.19928058981895447,0.3019564151763916,0.3222612738609314,-0.14201657474040985,0.3031541109085083,0.3007604777812958,-0.23293353617191315,0.33722028136253357,0.27027565240859985,-0.273475706577301,0.37262222170829773,0.25029700994491577,-0.28951430320739746,0.2749651372432709,0.4078751504421234,-0.14935921132564545,0.3681609332561493,0.398253470659256,-0.23866771161556244,0.42377519607543945,0.42791426181793213,-0.23627649247646332,0.43760785460472107,0.4418627917766571,-0.21941037476062775,0.2747732102870941,0.5029253959655762,-0.16142430901527405,0.3887913227081299,0.5052521824836731,-0.23887570202350616,0.41711658239364624,0.5177129507064819,-0.21327321231365204,0.4053431451320648,0.5097816586494446,-0.17965945601463318,0.28822916746139526,0.5868352055549622,-0.17787034809589386,0.3813234567642212,0.5918883681297302,-0.22913971543312073,0.40617141127586365,0.5843017101287842,-0.21793414652347565,0.398872971534729,0.5705828666687012,-0.1980273276567459,0,0,0,0,0,0,0,0,0,0,0,0,0,0,0,0,0,0,0,0,0,0,0,0,0,0,0,0,0,0,0,0,0,0,0,0,0,0,0,0,0,0,0,0,0,0,0,0,0,0,0,0,0,0,0,0,0,0,0,0,0,0,0,You
0.3136749565601349,0.5921752452850342,4.93043387450598e-07,0.35392382740974426,0.4531087279319763,-0.04495696723461151,0.39153531193733215,0.3638754189014435,-0.10643230378627777,0.425976037979126,0.3253463804721832,-0.1628645956516266,0.45314767956733704,0.363586962223053,-0.21515658497810364,0.3130774199962616,0.3308960795402527,-0.15788130462169647,0.3137703537940979,0.2970120906829834,-0.2530195116996765,0.34337106347084045,0.2667548656463623,-0.2913084328174591,0.3713683485984802,0.2523691654205322,-0.30536511540412903,0.28506478667259216,0.410969614982605,-0.16819322109222412,0.3750428557395935,0.39690130949020386,-0.2553296983242035,0.4226195812225342,0.44193899631500244,-0.24361702799797058,0.42478927969932556,0.45306676626205444,-0.22194738686084747,0.28070804476737976,0.5009533762931824,-0.1827426701784134,0.38814419507980347,0.500423014163971,-0.2609737515449524,0.4137937128543854,0.5204084515571594,-0.2293529361486435,0.39889416098594666,0.5115542411804199,-0.19300229847431183,0.29022470116615295,0.5850381851196289,-0.20125634968280792,0.37860649824142456,0.5929785966873169,-0.2540109157562256,0.40319859981536865,0.5856490731239319,-0.24035191535949707,0.39861491322517395,0.5714579820632935,-0.21967215836048126,0,0,0,0,0,0,0,0,0,0,0,0,0,0,0,0,0,0,0,0,0,0,0,0,0,0,0,0,0,0,0,0,0,0,0,0,0,0,0,0,0,0,0,0,0,0,0,0,0,0,0,0,0,0,0,0,0,0,0,0,0,0,0,You
0.29634830355644226,0.6043115258216858,6.201559017426916e-07,0.35985812544822693,0.45930737257003784,-0.025194311514496803,0.39570721983909607,0.37065890431404114,-0.07381820678710938,0.42453041672706604,0.3364432752132416,-0.11412777751684189,0.4459744989871979,0.36348921060562134,-0.1484677642583847,0.32491129636764526,0.3403867483139038,-0.17003798484802246,0.320904016494751,0.2899342477321625,-0.2616989314556122,0.34664690494537354,0.25804752111434937,-0.2939468324184418,0.36928319931030273,0.24904420971870422,-0.3055175244808197,0.2964901626110077,0.413544237613678,-0.18797741830348969,0.37147343158721924,0.390728622674942,-0.28489625453948975,0.41548824310302734,0.4274282157421112,-0.2747316062450409,0.42841407656669617,0.44028183817863464,-0.25447002053260803,0.2880321145057678,0.5046852827072144,-0.20557937026023865,0.3860909938812256,0.5083898305892944,-0.29264265298843384,0.4131004512310028,0.5296213626861572,-0.2588438093662262,0.4051133990287781,0.5199069380760193,-0.2202085256576538,0.2950213849544525,0.5941981077194214,-0.22367940843105316,0.3679158389568329,0.6067313551902771,-0.287044495344162,0.39769211411476135,0.5943135619163513,-0.27701428532600403,0.4015122056007385,0.5739696621894836,-0.25859344005584717,0,0,0,0,0,0,0,0,0,0,0,0,0,0,0,0,0,0,0,0,0,0,0,0,0,0,0,0,0,0,0,0,0,0,0,0,0,0,0,0,0,0,0,0,0,0,0,0,0,0,0,0,0,0,0,0,0,0,0,0,0,0,0,You
0.29392269253730774,0.5935704112052917,9.632097999201505e-07,0.34799903631210327,0.45707955956459045,-0.03071262128651142,0.3842187225818634,0.3723563551902771,-0.08234633505344391,0.41778677701950073,0.34169360995292664,-0.12785157561302185,0.44126400351524353,0.3593568801879883,-0.16784535348415375,0.3198714554309845,0.33532002568244934,-0.15321311354637146,0.31100815534591675,0.2783958613872528,-0.23300743103027344,0.34509992599487305,0.2489832639694214,-0.26796528697013855,0.37188100814819336,0.24314571917057037,-0.28483450412750244,0.28703176975250244,0.41290077567100525,-0.1695546656847,0.3606663942337036,0.3736865222454071,-0.25676947832107544,0.41066738963127136,0.3936111032962799,-0.26299598813056946,0.42750686407089233,0.42022860050201416,-0.25762033462524414,0.2823915481567383,0.50932776927948,-0.18396662175655365,0.38413357734680176,0.48453330993652344,-0.2510162889957428,0.42236024141311646,0.5019509196281433,-0.21594585478305817,0.41168785095214844,0.5102235674858093,-0.18134048581123352,0.29251980781555176,0.5952462553977966,-0.20113912224769592,0.3799729347229004,0.5915337800979614,-0.2430427521467209,0.4124109745025635,0.5815849304199219,-0.2224886417388916,0.40354418754577637,0.5681794285774231,-0.19996923208236694,0,0,0,0,0,0,0,0,0,0,0,0,0,0,0,0,0,0,0,0,0,0,0,0,0,0,0,0,0,0,0,0,0,0,0,0,0,0,0,0,0,0,0,0,0,0,0,0,0,0,0,0,0,0,0,0,0,0,0,0,0,0,0,You
0.2868044972419739,0.604678213596344,8.714200703252573e-07,0.34623223543167114,0.46568089723587036,-0.029630040749907494,0.38256269693374634,0.37979236245155334,-0.08219505101442337,0.4140882194042206,0.34628286957740784,-0.12653054296970367,0.4387233257293701,0.3662763237953186,-0.166118785738945,0.3127335011959076,0.35068345069885254,-0.1694127470254898,0.30411210656166077,0.294217050075531,-0.25579530000686646,0.3417415916919708,0.2601132392883301,-0.28759652376174927,0.37507542967796326,0.25536924600601196,-0.29931962490081787,0.2851840555667877,0.42573463916778564,-0.18524576723575592,0.3576640784740448,0.3960067629814148,-0.2776006758213043,0.4122949242591858,0.4203799068927765,-0.27395200729370117,0.43345874547958374,0.4427562952041626,-0.2590034604072571,0.2794547379016876,0.5170177221298218,-0.19988732039928436,0.3725711703300476,0.5069336891174316,-0.2810230255126953,0.41375139355659485,0.5203912854194641,-0.25257590413093567,0.41441863775253296,0.521338164806366,-0.21859952807426453,0.28757306933403015,0.6036050319671631,-0.21519219875335693,0.3604375123977661,0.6072565317153931,-0.2718351483345032,0.39697787165641785,0.595458984375,-0.2612910568714142,0.40159744024276733,0.5816221237182617,-0.24359232187271118,0,0,0,0,0,0,0,0,0,0,0,0,0,0,0,0,0,0,0,0,0,0,0,0,0,0,0,0,0,0,0,0,0,0,0,0,0,0,0,0,0,0,0,0,0,0,0,0,0,0,0,0,0,0,0,0,0,0,0,0,0,0,0,You
0.28665733337402344,0.5996303558349609,9.174609658657573e-07,0.340739369392395,0.4564226269721985,-0.030135737732052803,0.37802350521087646,0.37683209776878357,-0.08369818329811096,0.412003755569458,0.3489215672016144,-0.1289905160665512,0.4355313181877136,0.365111768245697,-0.17097601294517517,0.3057020306587219,0.3532865643501282,-0.1702982634305954,0.29698023200035095,0.29814612865448,-0.25361743569374084,0.33580872416496277,0.2656746506690979,-0.28636664152145386,0.36800751090049744,0.26318562030792236,-0.2992200255393982,0.27945226430892944,0.43080538511276245,-0.18564733862876892,0.3512655794620514,0.39855480194091797,-0.2706223726272583,0.40668922662734985,0.41795071959495544,-0.26829227805137634,0.4275507628917694,0.44303449988365173,-0.2562159597873688,0.277421772480011,0.5250638723373413,-0.19921383261680603,0.3690502941608429,0.5079728364944458,-0.27493831515312195,0.41295403242111206,0.5134539008140564,-0.25048866868019104,0.414797842502594,0.5175194144248962,-0.22095434367656708,0.2871488630771637,0.6140456199645996,-0.21323876082897186,0.3578845262527466,0.611860990524292,-0.2670198380947113,0.3966369330883026,0.5943375825881958,-0.25703462958335876,0.4025789201259613,0.5817693471908569,-0.24063296616077423,0,0,0,0,0,0,0,0,0,0,0,0,0,0,0,0,0,0,0,0,0,0,0,0,0,0,0,0,0,0,0,0,0,0,0,0,0,0,0,0,0,0,0,0,0,0,0,0,0,0,0,0,0,0,0,0,0,0,0,0,0,0,0,You
0.28522658348083496,0.6082578897476196,8.556917237001471e-07,0.34003517031669617,0.47332853078842163,-0.02788175269961357,0.37699753046035767,0.3858388662338257,-0.07703614979982376,0.4097115397453308,0.3486245274543762,-0.11965016275644302,0.4324086010456085,0.3627871572971344,-0.15930339694023132,0.30627015233039856,0.3580470681190491,-0.15608161687850952,0.2947421371936798,0.2973976135253906,-0.23285755515098572,0.3342239558696747,0.2693512737751007,-0.26357632875442505,0.3679084777832031,0.26599663496017456,-0.2766818106174469,0.2759608030319214,0.43270793557167053,-0.1721837967634201,0.34748801589012146,0.39947131276130676,-0.25732722878456116,0.4077160358428955,0.4193689823150635,-0.26143842935562134,0.43172311782836914,0.4501434564590454,-0.2537417709827423,0.27219510078430176,0.5272775292396545,-0.18614742159843445,0.3665926456451416,0.5127201080322266,-0.2622339427471161,0.4128405451774597,0.5242578983306885,-0.2437245100736618,0.4143192768096924,0.5357459783554077,-0.21830421686172485,0.2818794548511505,0.613476037979126,-0.2003578394651413,0.35711243748664856,0.6127172708511353,-0.2530842423439026,0.3956197202205658,0.6014907956123352,-0.24508698284626007,0.4003940224647522,0.5934828519821167,-0.23082001507282257,0,0,0,0,0,0,0,0,0,0,0,0,0,0,0,0,0,0,0,0,0,0,0,0,0,0,0,0,0,0,0,0,0,0,0,0,0,0,0,0,0,0,0,0,0,0,0,0,0,0,0,0,0,0,0,0,0,0,0,0,0,0,0,You
0.2816457450389862,0.6100796461105347,8.833302445054869e-07,0.3372132480144501,0.47354936599731445,-0.03546147048473358,0.3744542896747589,0.38682451844215393,-0.0880201905965805,0.40848028659820557,0.3539516031742096,-0.13329321146011353,0.43131759762763977,0.3755722939968109,-0.17389072477817535,0.30279669165611267,0.3538146913051605,-0.159613698720932,0.292076051235199,0.30266183614730835,-0.24104318022727966,0.33244526386260986,0.2782839238643646,-0.2725849449634552,0.36536625027656555,0.2793320119380951,-0.28489696979522705,0.2731492221355438,0.4317125976085663,-0.17251969873905182,0.3455885946750641,0.407426655292511,-0.26278600096702576,0.406514048576355,0.43327200412750244,-0.2649537920951843,0.42987769842147827,0.4629800319671631,-0.2536007761955261,0.2705329656600952,0.5270341634750366,-0.18456825613975525,0.36509448289871216,0.5232312679290771,-0.2615036070346832,0.4100322425365448,0.5351553559303284,-0.23652684688568115,0.4086158871650696,0.5435484647750854,-0.20512321591377258,0.28174152970314026,0.6122117042541504,-0.19834332168102264,0.3614104390144348,0.6193954348564148,-0.2498733103275299,0.3966031074523926,0.6085917949676514,-0.23866933584213257,0.3956531882286072,0.5972393751144409,-0.22077150642871857,0,0,0,0,0,0,0,0,0,0,0,0,0,0,0,0,0,0,0,0,0,0,0,0,0,0,0,0,0,0,0,0,0,0,0,0,0,0,0,0,0,0,0,0,0,0,0,0,0,0,0,0,0,0,0,0,0,0,0,0,0,0,0,You
0.27705812454223633,0.6167289614677429,8.533961022294534e-07,0.3317643702030182,0.48117032647132874,-0.031561482697725296,0.371071457862854,0.38874226808547974,-0.07919777184724808,0.4061535596847534,0.3515986204147339,-0.12085648626089096,0.4274752736091614,0.37508073449134827,-0.15868033468723297,0.29865333437919617,0.35799354314804077,-0.14643673598766327,0.28707924485206604,0.3046196699142456,-0.21928367018699646,0.32962074875831604,0.2832714915275574,-0.24673281610012054,0.36363133788108826,0.28821295499801636,-0.2567654550075531,0.2682969570159912,0.4357169568538666,-0.15963734686374664,0.34457170963287354,0.4101359248161316,-0.23977407813072205,0.4070049822330475,0.4356135129928589,-0.23996460437774658,0.4291534423828125,0.47062593698501587,-0.22783687710762024,0.26650866866111755,0.532945990562439,-0.17176446318626404,0.3639279305934906,0.5266922116279602,-0.2410173863172531,0.4103093445301056,0.5379374623298645,-0.21649233996868134,0.4072267711162567,0.5510932803153992,-0.18618448078632355,0.27816033363342285,0.6176487803459167,-0.18546845018863678,0.3623336851596832,0.621928334236145,-0.23107503354549408,0.39641761779785156,0.6121742725372314,-0.2176610231399536,0.39274826645851135,0.6045026779174805,-0.1985928863286972,0,0,0,0,0,0,0,0,0,0,0,0,0,0,0,0,0,0,0,0,0,0,0,0,0,0,0,0,0,0,0,0,0,0,0,0,0,0,0,0,0,0,0,0,0,0,0,0,0,0,0,0,0,0,0,0,0,0,0,0,0,0,0,You
0.273844838142395,0.6242599487304688,8.793232950665697e-07,0.3294413089752197,0.48861032724380493,-0.03319224715232849,0.36767733097076416,0.39614138007164,-0.08345895260572433,0.4037667512893677,0.3596225082874298,-0.12765221297740936,0.4262158274650574,0.3815314471721649,-0.16789676249027252,0.29745256900787354,0.3625604212284088,-0.14902833104133606,0.2850213348865509,0.3102685809135437,-0.22448907792568207,0.3266894817352295,0.2898859977722168,-0.2540740370750427,0.36201393604278564,0.29342472553253174,-0.2658933401107788,0.2660045623779297,0.44027116894721985,-0.1629379242658615,0.3401891887187958,0.41701412200927734,-0.24746957421302795,0.40239235758781433,0.44368821382522583,-0.24950702488422394,0.4268677234649658,0.4758807122707367,-0.23837704956531525,0.26321375370025635,0.5381419658660889,-0.17600981891155243,0.36260634660720825,0.5352954268455505,-0.24794988334178925,0.40783724188804626,0.5450729131698608,-0.22388841211795807,0.4055357575416565,0.5540868639945984,-0.19402176141738892,0.2741973102092743,0.6261225342750549,-0.1909080147743225,0.35892030596733093,0.6332226395606995,-0.2377452403306961,0.39306551218032837,0.6214967370033264,-0.2247088998556137,0.3909216821193695,0.6084024310112,-0.20616291463375092,0,0,0,0,0,0,0,0,0,0,0,0,0,0,0,0,0,0,0,0,0,0,0,0,0,0,0,0,0,0,0,0,0,0,0,0,0,0,0,0,0,0,0,0,0,0,0,0,0,0,0,0,0,0,0,0,0,0,0,0,0,0,0,You
0.26313549280166626,0.6305287480354309,8.920848699744965e-07,0.31302300095558167,0.48697760701179504,-0.028789514675736427,0.3512894809246063,0.3965775668621063,-0.07873270660638809,0.39173978567123413,0.3563627302646637,-0.12217694520950317,0.42017996311187744,0.36637166142463684,-0.16180865466594696,0.2837122082710266,0.3658732771873474,-0.15509440004825592,0.2771404981613159,0.3007623553276062,-0.2322365641593933,0.31965717673301697,0.2782496511936188,-0.26319339871406555,0.35510703921318054,0.286421537399292,-0.2750377953052521,0.2558145523071289,0.4460076689720154,-0.1707528829574585,0.3359992504119873,0.41041654348373413,-0.2525738775730133,0.39502251148223877,0.4318959712982178,-0.254536509513855,0.4169691503047943,0.462814062833786,-0.24489010870456696,0.2559165954589844,0.5458313226699829,-0.18435655534267426,0.36157912015914917,0.5290259122848511,-0.2543801963329315,0.4044129252433777,0.5361630320549011,-0.23057322204113007,0.3994007706642151,0.5457157492637634,-0.20186495780944824,0.26931774616241455,0.6382366418838501,-0.19891038537025452,0.3557753264904022,0.6325627565383911,-0.24252115190029144,0.39358794689178467,0.6152521371841431,-0.2261568009853363,0.39210283756256104,0.6048433780670166,-0.20608609914779663,0,0,0,0,0,0,0,0,0,0,0,0,0,0,0,0,0,0,0,0,0,0,0,0,0,0,0,0,0,0,0,0,0,0,0,0,0,0,0,0,0,0,0,0,0,0,0,0,0,0,0,0,0,0,0,0,0,0,0,0,0,0,0,You
0.2594941258430481,0.6371878385543823,8.936669928516494e-07,0.31317681074142456,0.48243531584739685,-0.022168776020407677,0.3536793887615204,0.3940771520137787,-0.07616594433784485,0.3947482407093048,0.35824501514434814,-0.12327582389116287,0.42437943816185,0.37331265211105347,-0.1658751368522644,0.283576637506485,0.37067902088165283,-0.17377562820911407,0.2741541564464569,0.30690816044807434,-0.2554631233215332,0.318067729473114,0.2767926752567291,-0.28344279527664185,0.35510337352752686,0.2835325002670288,-0.29193413257598877,0.2581638693809509,0.4545591473579407,-0.19230780005455017,0.336731493473053,0.41769349575042725,-0.27480068802833557,0.3955678939819336,0.43700075149536133,-0.2617953419685364,0.417466402053833,0.4685484766960144,-0.24081256985664368,0.25970351696014404,0.554604172706604,-0.20791837573051453,0.36286938190460205,0.5321213006973267,-0.2768293619155884,0.40434545278549194,0.5382167100906372,-0.23522979021072388,0.3988337516784668,0.5503942966461182,-0.19352521002292633,0.2741051912307739,0.6462520360946655,-0.2243063896894455,0.35794875025749207,0.6369014382362366,-0.2689478397369385,0.39235720038414,0.6169266700744629,-0.24541251361370087,0.3896730840206146,0.6057225465774536,-0.21865862607955933,0,0,0,0,0,0,0,0,0,0,0,0,0,0,0,0,0,0,0,0,0,0,0,0,0,0,0,0,0,0,0,0,0,0,0,0,0,0,0,0,0,0,0,0,0,0,0,0,0,0,0,0,0,0,0,0,0,0,0,0,0,0,0,You
0.2585180401802063,0.6325221657752991,9.79700871539535e-07,0.31519457697868347,0.4828760325908661,-0.02551083266735077,0.3584248125553131,0.3870612382888794,-0.07483848929405212,0.40036284923553467,0.3544193506240845,-0.11809877306222916,0.42591333389282227,0.37291496992111206,-0.155521422624588,0.2877803146839142,0.3596343398094177,-0.16049687564373016,0.2809053659439087,0.29173076152801514,-0.24017658829689026,0.3207325041294098,0.2724357545375824,-0.2745383083820343,0.3543780446052551,0.27549856901168823,-0.29080289602279663,0.25387707352638245,0.44434574246406555,-0.18056252598762512,0.31699874997138977,0.3958224654197693,-0.2716854214668274,0.37250378727912903,0.40029776096343994,-0.282013475894928,0.3987407088279724,0.43090489506721497,-0.2791927456855774,0.2506599724292755,0.5495122671127319,-0.19683468341827393,0.35315534472465515,0.5237463116645813,-0.2688325345516205,0.3985193371772766,0.5311172008514404,-0.24060122668743134,0.39376741647720337,0.5419735908508301,-0.20921871066093445,0.26427894830703735,0.6437263488769531,-0.21454231441020966,0.3552541434764862,0.6375625133514404,-0.2602725625038147,0.393749475479126,0.6223818063735962,-0.2427864819765091,0.3888012766838074,0.607229471206665,-0.2216363400220871,0,0,0,0,0,0,0,0,0,0,0,0,0,0,0,0,0,0,0,0,0,0,0,0,0,0,0,0,0,0,0,0,0,0,0,0,0,0,0,0,0,0,0,0,0,0,0,0,0,0,0,0,0,0,0,0,0,0,0,0,0,0,0,You
0,0,0,0,0,0,0,0,0,0,0,0,0,0,0,0,0,0,0,0,0,0,0,0,0,0,0,0,0,0,0,0,0,0,0,0,0,0,0,0,0,0,0,0,0,0,0,0,0,0,0,0,0,0,0,0,0,0,0,0,0,0,0,0,0,0,0,0,0,0,0,0,0,0,0,0,0,0,0,0,0,0,0,0,0,0,0,0,0,0,0,0,0,0,0,0,0,0,0,0,0,0,0,0,0,0,0,0,0,0,0,0,0,0,0,0,0,0,0,0,0,0,0,0,0,0,You
0.2717267572879791,0.6138434410095215,1.0297837889083894e-06,0.3201533555984497,0.4585757851600647,-0.04389413073658943,0.3579248785972595,0.3661694824695587,-0.10873650014400482,0.4011610746383667,0.34479808807373047,-0.16272924840450287,0.4311872720718384,0.3768923282623291,-0.21299125254154205,0.2796092927455902,0.35298681259155273,-0.19947145879268646,0.27471742033958435,0.292005330324173,-0.28912919759750366,0.3190139830112457,0.2757718861103058,-0.3300594985485077,0.3562456965446472,0.2757173776626587,-0.3497890830039978,0.2508884072303772,0.4419924020767212,-0.20940759778022766,0.33320221304893494,0.4162662625312805,-0.29835110902786255,0.3912627696990967,0.4344322979450226,-0.30206817388534546,0.415059894323349,0.46726304292678833,-0.29583868384361267,0.25138723850250244,0.5476875901222229,-0.21651220321655273,0.35642534494400024,0.5375866293907166,-0.2889125645160675,0.4003017842769623,0.5386921167373657,-0.263976514339447,0.4002574682235718,0.5380640029907227,-0.2359800487756729,0.26379498839378357,0.6403281688690186,-0.225925013422966,0.3518276810646057,0.6468328237533569,-0.27282634377479553,0.38521647453308105,0.6312163472175598,-0.2589574456214905,0.38566651940345764,0.6095877289772034,-0.24119214713573456,0,0,0,0,0,0,0,0,0,0,0,0,0,0,0,0,0,0,0,0,0,0,0,0,0,0,0,0,0,0,0,0,0,0,0,0,0,0,0,0,0,0,0,0,0,0,0,0,0,0,0,0,0,0,0,0,0,0,0,0,0,0,0,You
0.24727961421012878,0.6462181806564331,8.261578727797314e-07,0.3042021691799164,0.47256141901016235,-0.027268309146165848,0.34924983978271484,0.3823471665382385,-0.08615072816610336,0.39708471298217773,0.35380709171295166,-0.13542065024375916,0.4300404489040375,0.3847343325614929,-0.1778963953256607,0.2714913487434387,0.3381195366382599,-0.1991308331489563,0.26458969712257385,0.2866034507751465,-0.2950054705142975,0.3151184022426605,0.26573866605758667,-0.325315922498703,0.3571780025959015,0.2684031128883362,-0.33330655097961426,0.24385899305343628,0.4351842701435089,-0.21911603212356567,0.328081876039505,0.40941697359085083,-0.31816041469573975,0.3913613557815552,0.44530531764030457,-0.30112501978874207,0.4130183756351471,0.4763683080673218,-0.27423495054244995,0.24400946497917175,0.5488535165786743,-0.23683129251003265,0.35075172781944275,0.5366775393486023,-0.3258805572986603,0.3935543894767761,0.554885983467102,-0.2828717827796936,0.3884183168411255,0.5651400089263916,-0.23529689013957977,0.25919580459594727,0.651659369468689,-0.25473931431770325,0.3474230170249939,0.6506412029266357,-0.31655389070510864,0.38182333111763,0.6337218284606934,-0.29638564586639404,0.3774847686290741,0.6214287281036377,-0.26874643564224243,0,0,0,0,0,0,0,0,0,0,0,0,0,0,0,0,0,0,0,0,0,0,0,0,0,0,0,0,0,0,0,0,0,0,0,0,0,0,0,0,0,0,0,0,0,0,0,0,0,0,0,0,0,0,0,0,0,0,0,0,0,0,0,You
0,0,0,0,0,0,0,0,0,0,0,0,0,0,0,0,0,0,0,0,0,0,0,0,0,0,0,0,0,0,0,0,0,0,0,0,0,0,0,0,0,0,0,0,0,0,0,0,0,0,0,0,0,0,0,0,0,0,0,0,0,0,0,0,0,0,0,0,0,0,0,0,0,0,0,0,0,0,0,0,0,0,0,0,0,0,0,0,0,0,0,0,0,0,0,0,0,0,0,0,0,0,0,0,0,0,0,0,0,0,0,0,0,0,0,0,0,0,0,0,0,0,0,0,0,0,You
0.22396233677864075,0.5587586164474487,1.243547103513265e-06,0.27102670073509216,0.40497416257858276,-0.05264516919851303,0.318031370639801,0.31096407771110535,-0.12569746375083923,0.37947699427604675,0.2974875569343567,-0.18883605301380157,0.4255644679069519,0.3170326352119446,-0.25035810470581055,0.2341962605714798,0.26152491569519043,-0.20959489047527313,0.2738579213619232,0.20083820819854736,-0.31059226393699646,0.32044270634651184,0.18314717710018158,-0.36812981963157654,0.3541956841945648,0.1746346801519394,-0.4028511047363281,0.2033703625202179,0.36457395553588867,-0.2252824306488037,0.2937885820865631,0.34444552659988403,-0.342380553483963,0.35985153913497925,0.37228596210479736,-0.37461531162261963,0.39857372641563416,0.41424763202667236,-0.38870495557785034,0.20671656727790833,0.4928114116191864,-0.2370431125164032,0.33171260356903076,0.4893890619277954,-0.3280523419380188,0.367623895406723,0.5105180740356445,-0.31688591837882996,0.3635948896408081,0.525373101234436,-0.29939740896224976,0.22619491815567017,0.6105819940567017,-0.25177180767059326,0.33190903067588806,0.608496904373169,-0.31167832016944885,0.36278221011161804,0.6060863733291626,-0.3040219247341156,0.3601442873477936,0.5946921706199646,-0.2922666370868683,0,0,0,0,0,0,0,0,0,0,0,0,0,0,0,0,0,0,0,0,0,0,0,0,0,0,0,0,0,0,0,0,0,0,0,0,0,0,0,0,0,0,0,0,0,0,0,0,0,0,0,0,0,0,0,0,0,0,0,0,0,0,0,You
0.20646408200263977,0.6323695182800293,1.1013987659680424e-06,0.2685059905052185,0.433871865272522,-0.03807758167386055,0.31925809383392334,0.32834985852241516,-0.11512057483196259,0.375685453414917,0.2999956011772156,-0.18143603205680847,0.4211118221282959,0.33168745040893555,-0.2384716123342514,0.2374720573425293,0.2848442494869232,-0.2348547726869583,0.2601235508918762,0.20415745675563812,-0.34696537256240845,0.3162135183811188,0.16792814433574677,-0.3871760368347168,0.3661700487136841,0.15253567695617676,-0.40287676453590393,0.20695282518863678,0.39423149824142456,-0.25632286071777344,0.31306543946266174,0.33559226989746094,-0.3770337998867035,0.3574906587600708,0.3852945566177368,-0.3631441295146942,0.37110966444015503,0.41359829902648926,-0.3386649489402771,0.21192798018455505,0.5170354843139648,-0.27418774366378784,0.34855151176452637,0.48746201395988464,-0.36281439661979675,0.3618662357330322,0.5320239067077637,-0.2979227900505066,0.33130913972854614,0.550117015838623,-0.23927298188209534,0.23383836448192596,0.6242084503173828,-0.295836478471756,0.3479851186275482,0.6155838370323181,-0.3447481393814087,0.35495588183403015,0.6162581443786621,-0.3066927492618561,0.32397428154945374,0.6098064184188843,-0.27041196823120117,0,0,0,0,0,0,0,0,0,0,0,0,0,0,0,0,0,0,0,0,0,0,0,0,0,0,0,0,0,0,0,0,0,0,0,0,0,0,0,0,0,0,0,0,0,0,0,0,0,0,0,0,0,0,0,0,0,0,0,0,0,0,0,You
0.2129749059677124,0.624559760093689,1.2607671351361205e-06,0.2759152948856354,0.42022013664245605,-0.044422976672649384,0.32621222734451294,0.32137054204940796,-0.12964679300785065,0.3779171109199524,0.3019912838935852,-0.20041091740131378,0.42911839485168457,0.34701916575431824,-0.2631819546222687,0.24673092365264893,0.30506786704063416,-0.26113399863243103,0.27493512630462646,0.22655150294303894,-0.38602158427238464,0.32891133427619934,0.16450463235378265,-0.4426155090332031,0.37643957138061523,0.14171202480793,-0.4694192409515381,0.221096009016037,0.41551297903060913,-0.2779831886291504,0.3262912333011627,0.36023929715156555,-0.3864248991012573,0.35508567094802856,0.3924148678779602,-0.36237868666648865,0.3557434380054474,0.4118829369544983,-0.336405485868454,0.22180300951004028,0.5350937843322754,-0.29235589504241943,0.35045504570007324,0.49899837374687195,-0.3679046332836151,0.3516122102737427,0.5263476967811584,-0.2881816625595093,0.3163003921508789,0.5282952785491943,-0.22379733622074127,0.23645158112049103,0.6455559730529785,-0.3121377229690552,0.34014612436294556,0.6304691433906555,-0.3552708029747009,0.34554269909858704,0.6218411922454834,-0.308724582195282,0.3171795606613159,0.6142759323120117,-0.2675136625766754,0,0,0,0,0,0,0,0,0,0,0,0,0,0,0,0,0,0,0,0,0,0,0,0,0,0,0,0,0,0,0,0,0,0,0,0,0,0,0,0,0,0,0,0,0,0,0,0,0,0,0,0,0,0,0,0,0,0,0,0,0,0,0,You
0.20652957260608673,0.6145974397659302,1.4425756944547174e-06,0.2704342007637024,0.42129719257354736,-0.04580662399530411,0.3270578682422638,0.31804215908050537,-0.1288241595029831,0.38250261545181274,0.30439460277557373,-0.20006544888019562,0.4294888377189636,0.3551895320415497,-0.26384007930755615,0.24423404037952423,0.29977941513061523,-0.24266478419303894,0.282670259475708,0.2239162176847458,-0.3618631064891815,0.33588433265686035,0.1655518263578415,-0.4227420687675476,0.3856855630874634,0.14261659979820251,-0.4566769301891327,0.21493101119995117,0.40747278928756714,-0.2621910870075226,0.3109121024608612,0.3433397710323334,-0.3859255015850067,0.33552220463752747,0.3381657004356384,-0.39111384749412537,0.341863751411438,0.34696099162101746,-0.3853539824485779,0.21317428350448608,0.5316369533538818,-0.2772481143474579,0.35129380226135254,0.499421089887619,-0.3561953902244568,0.3474251329898834,0.5197991132736206,-0.28858667612075806,0.31066033244132996,0.5185996294021606,-0.23298946022987366,0.23128104209899902,0.6435350179672241,-0.2985733151435852,0.34382542967796326,0.6302422285079956,-0.3407764136791229,0.34329572319984436,0.6222711801528931,-0.2995451092720032,0.310091495513916,0.6081858277320862,-0.2630942463874817,0,0,0,0,0,0,0,0,0,0,0,0,0,0,0,0,0,0,0,0,0,0,0,0,0,0,0,0,0,0,0,0,0,0,0,0,0,0,0,0,0,0,0,0,0,0,0,0,0,0,0,0,0,0,0,0,0,0,0,0,0,0,0,You
0.19238564372062683,0.616288423538208,1.5135710782487877e-06,0.26125746965408325,0.42281287908554077,-0.0431467704474926,0.32272401452064514,0.31542447209358215,-0.12458405643701553,0.37939873337745667,0.31169888377189636,-0.19347114861011505,0.42280837893486023,0.3756124675273895,-0.2577173411846161,0.23304936289787292,0.307137131690979,-0.2521648406982422,0.2686816155910492,0.22385242581367493,-0.36511892080307007,0.3289334177970886,0.17458146810531616,-0.41918134689331055,0.38495394587516785,0.15340928733348846,-0.4488365352153778,0.2024705410003662,0.4173244833946228,-0.2741222679615021,0.28422239422798157,0.3377935290336609,-0.39794328808784485,0.33103638887405396,0.3327042758464813,-0.4034784436225891,0.3593160808086395,0.360166996717453,-0.3962252140045166,0.19911545515060425,0.5446524024009705,-0.2900546193122864,0.3256617486476898,0.502328634262085,-0.3786068260669708,0.34519532322883606,0.5126920342445374,-0.3266529440879822,0.3335830569267273,0.517025887966156,-0.2785421311855316,0.21665680408477783,0.6630968451499939,-0.3096659183502197,0.3231910765171051,0.6416255235671997,-0.3610655963420868,0.33839771151542664,0.6242835521697998,-0.3295162320137024,0.326965868473053,0.6051956415176392,-0.298795610666275,0,0,0,0,0,0,0,0,0,0,0,0,0,0,0,0,0,0,0,0,0,0,0,0,0,0,0,0,0,0,0,0,0,0,0,0,0,0,0,0,0,0,0,0,0,0,0,0,0,0,0,0,0,0,0,0,0,0,0,0,0,0,0,You
0.19031383097171783,0.6406698226928711,1.5476330190722365e-06,0.25420287251472473,0.44252336025238037,-0.04922931268811226,0.31424516439437866,0.3345544934272766,-0.13960659503936768,0.37511539459228516,0.3300693929195404,-0.21710994839668274,0.4151289463043213,0.40021657943725586,-0.2885053753852844,0.22769567370414734,0.32524994015693665,-0.26243799924850464,0.26209694147109985,0.24179524183273315,-0.3829767405986786,0.3190659284591675,0.19304971396923065,-0.44327160716056824,0.37232351303100586,0.17952552437782288,-0.47679638862609863,0.20042124390602112,0.43743473291397095,-0.2830817699432373,0.28624778985977173,0.35552477836608887,-0.4119652807712555,0.3154829144477844,0.34218981862068176,-0.4187009930610657,0.32905715703964233,0.3552064001560211,-0.4130616784095764,0.19827477633953094,0.5609190464019775,-0.2977325916290283,0.3350807726383209,0.5265558958053589,-0.3804955780506134,0.33663928508758545,0.5374391078948975,-0.3145102262496948,0.3112310469150543,0.5345435738563538,-0.259075403213501,0.21540558338165283,0.6781269311904907,-0.3183429539203644,0.32419219613075256,0.6625446081161499,-0.36081838607788086,0.32706135511398315,0.6484854221343994,-0.3182259202003479,0.30479443073272705,0.6304123401641846,-0.28069937229156494,0,0,0,0,0,0,0,0,0,0,0,0,0,0,0,0,0,0,0,0,0,0,0,0,0,0,0,0,0,0,0,0,0,0,0,0,0,0,0,0,0,0,0,0,0,0,0,0,0,0,0,0,0,0,0,0,0,0,0,0,0,0,0,You
0.17586207389831543,0.7128559350967407,1.3353429721973953e-06,0.21943169832229614,0.5303524136543274,-0.04405645281076431,0.27341121435165405,0.403852254152298,-0.10609190165996552,0.33797168731689453,0.3675749599933624,-0.16287918388843536,0.3887222409248352,0.39645248651504517,-0.2180340737104416,0.1760539710521698,0.37165123224258423,-0.16228382289409637,0.2007519006729126,0.2756255865097046,-0.2546175420284271,0.2576000690460205,0.23487821221351624,-0.3127014636993408,0.31257519125938416,0.22330334782600403,-0.34655821323394775,0.14426274597644806,0.4825007915496826,-0.17938512563705444,0.27489399909973145,0.40907415747642517,-0.2737165093421936,0.33907535672187805,0.43605414032936096,-0.29104846715927124,0.3708770275115967,0.4841587543487549,-0.29340797662734985,0.1506568044424057,0.6158244013786316,-0.1965097039937973,0.3092941343784332,0.5712401866912842,-0.2670816481113434,0.3313467502593994,0.5829907655715942,-0.24125635623931885,0.30969101190567017,0.5985061526298523,-0.2138420045375824,0.17048031091690063,0.7360895872116089,-0.2183046042919159,0.30927935242652893,0.7139190435409546,-0.2579399049282074,0.31434550881385803,0.7053120136260986,-0.23528504371643066,0.28512734174728394,0.7013193368911743,-0.21303892135620117,0,0,0,0,0,0,0,0,0,0,0,0,0,0,0,0,0,0,0,0,0,0,0,0,0,0,0,0,0,0,0,0,0,0,0,0,0,0,0,0,0,0,0,0,0,0,0,0,0,0,0,0,0,0,0,0,0,0,0,0,0,0,0,You
0.19383537769317627,0.7257544994354248,1.1068660796809127e-06,0.24497076869010925,0.535348117351532,-0.048479560762643814,0.2881828844547272,0.38503122329711914,-0.11038388311862946,0.33833232522010803,0.3556983470916748,-0.1671081930398941,0.37290748953819275,0.4215232729911804,-0.22198644280433655,0.16242271661758423,0.36466556787490845,-0.16286598145961761,0.17035092413425446,0.2837206721305847,-0.25246092677116394,0.22656813263893127,0.2459689825773239,-0.3060091435909271,0.28428488969802856,0.2254876345396042,-0.3386392891407013,0.12133841961622238,0.487984299659729,-0.1803814321756363,0.2512311637401581,0.4330308735370636,-0.2757699191570282,0.31235039234161377,0.48650693893432617,-0.288438081741333,0.33663156628608704,0.5314458608627319,-0.2878766357898712,0.12584730982780457,0.6304045915603638,-0.1995980590581894,0.29208600521087646,0.6040015816688538,-0.2702289819717407,0.317496120929718,0.6312105655670166,-0.24593165516853333,0.2924578785896301,0.6480545997619629,-0.22195550799369812,0.14915384352207184,0.7544642686843872,-0.22493261098861694,0.29566749930381775,0.7311080694198608,-0.2667343318462372,0.30859580636024475,0.73014235496521,-0.249667689204216,0.27781715989112854,0.7234934568405151,-0.23344013094902039,0,0,0,0,0,0,0,0,0,0,0,0,0,0,0,0,0,0,0,0,0,0,0,0,0,0,0,0,0,0,0,0,0,0,0,0,0,0,0,0,0,0,0,0,0,0,0,0,0,0,0,0,0,0,0,0,0,0,0,0,0,0,0,You
0.1831274777650833,0.813083291053772,7.888122013355314e-07,0.23222114145755768,0.595634937286377,-0.04083843156695366,0.27860018610954285,0.4542835056781769,-0.11451515555381775,0.33163169026374817,0.40156397223472595,-0.1824088841676712,0.3640812635421753,0.43790704011917114,-0.24528805911540985,0.14730367064476013,0.39031335711479187,-0.20406243205070496,0.15451082587242126,0.32199472188949585,-0.32321277260780334,0.20887549221515656,0.27812570333480835,-0.37704023718833923,0.25919365882873535,0.26143884658813477,-0.4015398323535919,0.11484944820404053,0.515363335609436,-0.22932147979736328,0.21618767082691193,0.4616142511367798,-0.3484868109226227,0.2885928153991699,0.5010226368904114,-0.3411847949028015,0.3222975432872772,0.538197934627533,-0.3186902105808258,0.12300677597522736,0.6557694673538208,-0.25671693682670593,0.262960821390152,0.6355831027030945,-0.3543004095554352,0.2959703803062439,0.659436821937561,-0.3097759783267975,0.28196826577186584,0.6717684268951416,-0.2619915008544922,0.15324203670024872,0.7801181077957153,-0.28840363025665283,0.27943578362464905,0.7832585573196411,-0.35320696234703064,0.2909274697303772,0.7746109962463379,-0.3339766263961792,0.2619723379611969,0.758850634098053,-0.30796435475349426,0,0,0,0,0,0,0,0,0,0,0,0,0,0,0,0,0,0,0,0,0,0,0,0,0,0,0,0,0,0,0,0,0,0,0,0,0,0,0,0,0,0,0,0,0,0,0,0,0,0,0,0,0,0,0,0,0,0,0,0,0,0,0,You
0.1971118450164795,0.7899184823036194,8.76827130014135e-07,0.25277575850486755,0.5821039080619812,-0.045159272849559784,0.2950286269187927,0.40777915716171265,-0.0989113301038742,0.3370061218738556,0.371269553899765,-0.1470448225736618,0.3525206446647644,0.4542940557003021,-0.1919514238834381,0.1402626484632492,0.3927527964115143,-0.1686437726020813,0.1295822560787201,0.3362797796726227,-0.26085591316223145,0.18811391294002533,0.30250084400177,-0.3066706955432892,0.2430148720741272,0.2935641407966614,-0.329795777797699,0.09456750750541687,0.526317298412323,-0.18558846414089203,0.1866474747657776,0.475066602230072,-0.2900940477848053,0.2754131853580475,0.493730753660202,-0.3008944094181061,0.3264235258102417,0.5463273525238037,-0.2922663986682892,0.0983077734708786,0.6730583310127258,-0.2036232054233551,0.2263295203447342,0.6487287282943726,-0.288991242647171,0.28217393159866333,0.6537871956825256,-0.2706725001335144,0.28555113077163696,0.6786403059959412,-0.2422688901424408,0.1255941092967987,0.7925955057144165,-0.22618623077869415,0.25718748569488525,0.7878710031509399,-0.2850086987018585,0.2880750000476837,0.7682040929794312,-0.28057172894477844,0.2743726074695587,0.7616528868675232,-0.2666243016719818,0,0,0,0,0,0,0,0,0,0,0,0,0,0,0,0,0,0,0,0,0,0,0,0,0,0,0,0,0,0,0,0,0,0,0,0,0,0,0,0,0,0,0,0,0,0,0,0,0,0,0,0,0,0,0,0,0,0,0,0,0,0,0,You
0.1884169578552246,0.8254847526550293,7.793500458319613e-07,0.24668021500110626,0.5992780327796936,-0.0718475878238678,0.28939083218574524,0.4501764178276062,-0.16525565087795258,0.3346152901649475,0.3935004770755768,-0.24872270226478577,0.3491431474685669,0.47575125098228455,-0.3276074528694153,0.12081288546323776,0.403685986995697,-0.2452145367860794,0.15216219425201416,0.3391326069831848,-0.38284608721733093,0.20081186294555664,0.3201282024383545,-0.44650906324386597,0.23104912042617798,0.3352549374103546,-0.4761848449707031,0.08943690359592438,0.546460747718811,-0.2634863555431366,0.18780918419361115,0.4878891110420227,-0.3980836272239685,0.2655414938926697,0.5262652635574341,-0.40045979619026184,0.3021308183670044,0.5709888339042664,-0.3849553167819977,0.09638912230730057,0.6970454454421997,-0.2866430878639221,0.21854637563228607,0.667287290096283,-0.39883458614349365,0.27238163352012634,0.6826052069664001,-0.3668588101863861,0.27871397137641907,0.6899673342704773,-0.32740986347198486,0.1290595829486847,0.8244526386260986,-0.31626519560813904,0.2428005188703537,0.8157565593719482,-0.3923383355140686,0.27039945125579834,0.8029772043228149,-0.3841349184513092,0.2579987347126007,0.7895055413246155,-0.36650753021240234,0,0,0,0,0,0,0,0,0,0,0,0,0,0,0,0,0,0,0,0,0,0,0,0,0,0,0,0,0,0,0,0,0,0,0,0,0,0,0,0,0,0,0,0,0,0,0,0,0,0,0,0,0,0,0,0,0,0,0,0,0,0,0,You
0.1862945556640625,0.7975379228591919,1.012225197882799e-06,0.24698911607265472,0.5642950534820557,-0.0865107849240303,0.28797757625579834,0.4310835599899292,-0.19366224110126495,0.3320614993572235,0.39594605565071106,-0.2893015146255493,0.3453930616378784,0.48467832803726196,-0.3787132501602173,0.13020844757556915,0.39887505769729614,-0.27187564969062805,0.1516387015581131,0.34753721952438354,-0.424352765083313,0.19316522777080536,0.32950669527053833,-0.49351200461387634,0.21991384029388428,0.36848902702331543,-0.5230244994163513,0.09766508638858795,0.5524048209190369,-0.2858262360095978,0.18296660482883453,0.5217073559761047,-0.4289998412132263,0.25681445002555847,0.5440211296081543,-0.4231300950050354,0.28749245405197144,0.5700099468231201,-0.39909476041793823,0.10559796541929245,0.7051556706428528,-0.30648449063301086,0.2239750623703003,0.6902734637260437,-0.4176190197467804,0.26653674244880676,0.6924079656600952,-0.3644133508205414,0.2629684805870056,0.6913604736328125,-0.3100632131099701,0.13664397597312927,0.8345233201980591,-0.3370925784111023,0.2486233413219452,0.8356876373291016,-0.4149039089679718,0.26761412620544434,0.8111550807952881,-0.39753860235214233,0.24931183457374573,0.785054087638855,-0.3706187903881073,0,0,0,0,0,0,0,0,0,0,0,0,0,0,0,0,0,0,0,0,0,0,0,0,0,0,0,0,0,0,0,0,0,0,0,0,0,0,0,0,0,0,0,0,0,0,0,0,0,0,0,0,0,0,0,0,0,0,0,0,0,0,0,You
0.19650407135486603,0.7851625680923462,1.016578153212322e-06,0.2514339089393616,0.5595977306365967,-0.08513663709163666,0.2908320724964142,0.4233892560005188,-0.18907426297664642,0.33267146348953247,0.39895787835121155,-0.28108978271484375,0.34731823205947876,0.49887388944625854,-0.36693987250328064,0.1360829472541809,0.39377570152282715,-0.26578009128570557,0.14473062753677368,0.3433817923069,-0.41484853625297546,0.1791742891073227,0.32114261388778687,-0.48169490694999695,0.20376819372177124,0.3465891480445862,-0.5091779828071594,0.09744492173194885,0.5458430647850037,-0.2756701707839966,0.19860278069972992,0.512782096862793,-0.4100680649280548,0.2657146155834198,0.5484201312065125,-0.3951495587825775,0.28514620661735535,0.5706767439842224,-0.3644880950450897,0.10156998038291931,0.6986813545227051,-0.29263898730278015,0.24196971952915192,0.6798887252807617,-0.3988049030303955,0.27084070444107056,0.6928527355194092,-0.33959725499153137,0.25316736102104187,0.6900492906570435,-0.28031495213508606,0.13020065426826477,0.8271792531013489,-0.31929928064346313,0.25707733631134033,0.8192394971847534,-0.394526869058609,0.26603981852531433,0.8080037832260132,-0.3725726306438446,0.23667846620082855,0.79194575548172,-0.34104493260383606,0,0,0,0,0,0,0,0,0,0,0,0,0,0,0,0,0,0,0,0,0,0,0,0,0,0,0,0,0,0,0,0,0,0,0,0,0,0,0,0,0,0,0,0,0,0,0,0,0,0,0,0,0,0,0,0,0,0,0,0,0,0,0,You
0.20281068980693817,0.763252317905426,8.712091812412837e-07,0.25819218158721924,0.5432539582252502,-0.08840320259332657,0.29576021432876587,0.4062851071357727,-0.19291622936725616,0.3332170844078064,0.37130576372146606,-0.2869480550289154,0.3476001024246216,0.47107046842575073,-0.3751593828201294,0.14199909567832947,0.34077736735343933,-0.2418067902326584,0.15724050998687744,0.2983631193637848,-0.38879695534706116,0.1872686892747879,0.2957923710346222,-0.46093347668647766,0.2059512883424759,0.32595962285995483,-0.4935997724533081,0.10371535271406174,0.496737539768219,-0.2521718740463257,0.20087037980556488,0.449424684047699,-0.38991492986679077,0.27005359530448914,0.5080893635749817,-0.3901726305484772,0.2895369231700897,0.540959894657135,-0.3704533576965332,0.10581731796264648,0.6457553505897522,-0.2706020474433899,0.24710506200790405,0.6178168058395386,-0.37678202986717224,0.2790795564651489,0.6474079489707947,-0.3319081664085388,0.2582743465900421,0.6519966125488281,-0.2840017080307007,0.13355028629302979,0.7681923508644104,-0.2991272509098053,0.2645532488822937,0.7449413537979126,-0.3645657002925873,0.2820219099521637,0.746641218662262,-0.34397101402282715,0.2552390396595001,0.7407276034355164,-0.3172629475593567,0,0,0,0,0,0,0,0,0,0,0,0,0,0,0,0,0,0,0,0,0,0,0,0,0,0,0,0,0,0,0,0,0,0,0,0,0,0,0,0,0,0,0,0,0,0,0,0,0,0,0,0,0,0,0,0,0,0,0,0,0,0,0,You
0.20113696157932281,0.7422935366630554,1.10555788523925e-06,0.2514512836933136,0.5203152298927307,-0.09346465766429901,0.2912457287311554,0.39890897274017334,-0.2063513696193695,0.3381710946559906,0.37020307779312134,-0.30667242407798767,0.3585951328277588,0.4528680145740509,-0.3992001712322235,0.14449691772460938,0.35169094800949097,-0.2655126452445984,0.15143431723117828,0.3157905638217926,-0.41630926728248596,0.17888705432415009,0.2816513776779175,-0.4839611053466797,0.20554210245609283,0.29411590099334717,-0.5114840865135193,0.11310918629169464,0.5044294595718384,-0.27369481325149536,0.2138279229402542,0.4667946696281433,-0.40394869446754456,0.2768990397453308,0.5149207711219788,-0.3797069191932678,0.29280322790145874,0.5335971117019653,-0.34227272868156433,0.1211773231625557,0.6520829796791077,-0.2915198504924774,0.2632725238800049,0.6262786388397217,-0.3933805823326111,0.28376996517181396,0.6431282758712769,-0.32542529702186584,0.25717633962631226,0.6348624229431152,-0.2611011862754822,0.1518956869840622,0.7775002121925354,-0.3208337426185608,0.27649176120758057,0.7598909139633179,-0.38963958621025085,0.2829555869102478,0.7513529658317566,-0.3609845042228699,0.25135236978530884,0.7359277009963989,-0.32566264271736145,0,0,0,0,0,0,0,0,0,0,0,0,0,0,0,0,0,0,0,0,0,0,0,0,0,0,0,0,0,0,0,0,0,0,0,0,0,0,0,0,0,0,0,0,0,0,0,0,0,0,0,0,0,0,0,0,0,0,0,0,0,0,0,You
0.20340359210968018,0.7383267879486084,9.76189198809152e-07,0.2586129307746887,0.5308718085289001,-0.08960626274347305,0.2943313717842102,0.3918626308441162,-0.18928304314613342,0.33506786823272705,0.3625035285949707,-0.2755773663520813,0.3509517014026642,0.45761439204216003,-0.3538225293159485,0.1515858769416809,0.3471969962120056,-0.24999406933784485,0.15165427327156067,0.3048692047595978,-0.40280744433403015,0.17500224709510803,0.2710142731666565,-0.4777730703353882,0.19524523615837097,0.2685493528842926,-0.5116482973098755,0.10983849316835403,0.4904313087463379,-0.25742819905281067,0.21414466202259064,0.4502430558204651,-0.39679256081581116,0.2791367173194885,0.5097448825836182,-0.38535162806510925,0.29539236426353455,0.5348914265632629,-0.3551357686519623,0.11038678884506226,0.6339488625526428,-0.27454379200935364,0.25783318281173706,0.6166649460792542,-0.38718312978744507,0.28115156292915344,0.6494827270507812,-0.33245569467544556,0.252447247505188,0.6434204578399658,-0.27428215742111206,0.13828393816947937,0.7535429000854492,-0.3018423914909363,0.2728995978832245,0.7407025098800659,-0.37780845165252686,0.27917298674583435,0.7456017136573792,-0.3566106855869293,0.24323351681232452,0.7396072745323181,-0.32583922147750854,0,0,0,0,0,0,0,0,0,0,0,0,0,0,0,0,0,0,0,0,0,0,0,0,0,0,0,0,0,0,0,0,0,0,0,0,0,0,0,0,0,0,0,0,0,0,0,0,0,0,0,0,0,0,0,0,0,0,0,0,0,0,0,You
0.1946379542350769,0.7279013395309448,1.0159615158045199e-06,0.24888019263744354,0.5147631168365479,-0.0880420058965683,0.289324551820755,0.3911735415458679,-0.1934446394443512,0.3356451392173767,0.36624062061309814,-0.286719411611557,0.3562438189983368,0.4544103443622589,-0.37266063690185547,0.14688396453857422,0.3447195291519165,-0.2489069104194641,0.14968261122703552,0.310497522354126,-0.4031473398208618,0.17240187525749207,0.2701430916786194,-0.4817183017730713,0.1940150111913681,0.260165810585022,-0.518700122833252,0.11246073246002197,0.4902864992618561,-0.25804945826530457,0.2222268432378769,0.4489438235759735,-0.39361444115638733,0.2823842465877533,0.5083576440811157,-0.38061490654945374,0.28947901725769043,0.5212321877479553,-0.35158711671829224,0.11591780185699463,0.6314256191253662,-0.27688130736351013,0.26361697912216187,0.609714686870575,-0.3843940198421478,0.2815206050872803,0.6378825902938843,-0.32549282908439636,0.24655169248580933,0.6244555711746216,-0.26698386669158936,0.1442541480064392,0.7496684193611145,-0.3062536418437958,0.2703307271003723,0.7339812517166138,-0.37757983803749084,0.2764989733695984,0.7329654097557068,-0.3520229458808899,0.24218198657035828,0.7237586975097656,-0.31961458921432495,0,0,0,0,0,0,0,0,0,0,0,0,0,0,0,0,0,0,0,0,0,0,0,0,0,0,0,0,0,0,0,0,0,0,0,0,0,0,0,0,0,0,0,0,0,0,0,0,0,0,0,0,0,0,0,0,0,0,0,0,0,0,0,You
0.1917082667350769,0.656836748123169,8.5982662767492e-07,0.2502594292163849,0.48779910802841187,-0.07330505549907684,0.29696983098983765,0.3928546607494354,-0.17115695774555206,0.3379768133163452,0.3824923634529114,-0.2575716972351074,0.3737209737300873,0.4225866496562958,-0.33823078870773315,0.1830889880657196,0.3248140513896942,-0.24744634330272675,0.17985014617443085,0.28692111372947693,-0.39784836769104004,0.17457446455955505,0.2421119511127472,-0.4758608341217041,0.1652659922838211,0.21891459822654724,-0.5158827900886536,0.13661445677280426,0.44469189643859863,-0.2597976624965668,0.23867689073085785,0.4397009313106537,-0.39191678166389465,0.29563581943511963,0.48356878757476807,-0.37595000863075256,0.3054342269897461,0.48752114176750183,-0.34739378094673157,0.12444095313549042,0.5827218294143677,-0.2800728678703308,0.25808724761009216,0.5876031517982483,-0.38692909479141235,0.2855952978134155,0.5922837853431702,-0.3252764046192169,0.26591387391090393,0.5655538439750671,-0.2655520439147949,0.13708670437335968,0.7038041949272156,-0.3087752163410187,0.2436557114124298,0.7206291556358337,-0.3868168592453003,0.25491368770599365,0.6975040435791016,-0.36611151695251465,0.22993244230747223,0.6648796200752258,-0.3369223177433014,0,0,0,0,0,0,0,0,0,0,0,0,0,0,0,0,0,0,0,0,0,0,0,0,0,0,0,0,0,0,0,0,0,0,0,0,0,0,0,0,0,0,0,0,0,0,0,0,0,0,0,0,0,0,0,0,0,0,0,0,0,0,0,You
0.20116031169891357,0.6364179849624634,9.420825790584786e-07,0.26031455397605896,0.4688669443130493,-0.08263275772333145,0.3032284080982208,0.3884066343307495,-0.18384622037410736,0.34182947874069214,0.3904189169406891,-0.27131128311157227,0.38031625747680664,0.42164796590805054,-0.3556303381919861,0.2027452290058136,0.3187391459941864,-0.2593776285648346,0.19445744156837463,0.2835227847099304,-0.40540361404418945,0.1799541413784027,0.23513951897621155,-0.4832100570201874,0.161705881357193,0.20720969140529633,-0.5241115689277649,0.15794464945793152,0.4312717318534851,-0.2674245238304138,0.25380203127861023,0.4466233551502228,-0.3938688635826111,0.303783655166626,0.4817717671394348,-0.3840417265892029,0.3142443299293518,0.47463783621788025,-0.36229637265205383,0.13932213187217712,0.563675045967102,-0.2831265330314636,0.2544493079185486,0.5921834111213684,-0.38771554827690125,0.28043168783187866,0.5846741795539856,-0.33893513679504395,0.26877322793006897,0.5364812612533569,-0.29003581404685974,0.14055874943733215,0.6863747239112854,-0.30736011266708374,0.21276108920574188,0.7189074158668518,-0.3838519752025604,0.2223689705133438,0.6886485815048218,-0.36795008182525635,0.20969530940055847,0.6425765156745911,-0.3439485728740692,0,0,0,0,0,0,0,0,0,0,0,0,0,0,0,0,0,0,0,0,0,0,0,0,0,0,0,0,0,0,0,0,0,0,0,0,0,0,0,0,0,0,0,0,0,0,0,0,0,0,0,0,0,0,0,0,0,0,0,0,0,0,0,You
0.21146532893180847,0.6249859929084778,9.474944704379595e-07,0.27731195092201233,0.47691404819488525,-0.08412584662437439,0.32030728459358215,0.3984169661998749,-0.1803991198539734,0.34896576404571533,0.3978990912437439,-0.26430273056030273,0.3748680353164673,0.4351768493652344,-0.3450011909008026,0.2179277241230011,0.3095698356628418,-0.24025879800319672,0.2007278949022293,0.2727733850479126,-0.38478994369506836,0.1823400855064392,0.23036473989486694,-0.4642253518104553,0.15713641047477722,0.19207608699798584,-0.5087170600891113,0.16525977849960327,0.41200026869773865,-0.24935272336006165,0.24387876689434052,0.4299413561820984,-0.3861168324947357,0.30093657970428467,0.47064071893692017,-0.39212968945503235,0.31679439544677734,0.4598412811756134,-0.3803558051586151,0.1374926120042801,0.5364236235618591,-0.2668397128582001,0.23604029417037964,0.5795695185661316,-0.3799595534801483,0.275458425283432,0.5799137353897095,-0.34424248337745667,0.27367204427719116,0.5266141295433044,-0.30325907468795776,0.1316295862197876,0.6532163023948669,-0.2925856411457062,0.19131173193454742,0.6978597640991211,-0.3737243711948395,0.21267013251781464,0.6779477596282959,-0.3661659061908722,0.20956109464168549,0.6321514844894409,-0.3484894633293152,0,0,0,0,0,0,0,0,0,0,0,0,0,0,0,0,0,0,0,0,0,0,0,0,0,0,0,0,0,0,0,0,0,0,0,0,0,0,0,0,0,0,0,0,0,0,0,0,0,0,0,0,0,0,0,0,0,0,0,0,0,0,0,You
0.21057511866092682,0.5861639976501465,6.711555897709331e-07,0.27820757031440735,0.4454379081726074,-0.08251219987869263,0.3191744089126587,0.3628647029399872,-0.1757049262523651,0.33968451619148254,0.36162054538726807,-0.2546508014202118,0.3515348434448242,0.4068986475467682,-0.32955893874168396,0.2374991923570633,0.3133416175842285,-0.2533227205276489,0.2452997863292694,0.2807794213294983,-0.39822712540626526,0.233916774392128,0.25164756178855896,-0.47562506794929504,0.21501800417900085,0.23926706612110138,-0.5168560743331909,0.18684133887290955,0.41035565733909607,-0.2584626376628876,0.28888991475105286,0.4377320408821106,-0.3869476914405823,0.3263623118400574,0.4629148244857788,-0.38827648758888245,0.3256071209907532,0.44519856572151184,-0.3771504759788513,0.15780746936798096,0.5260970592498779,-0.27038276195526123,0.2638629674911499,0.569363534450531,-0.3740568161010742,0.2791881859302521,0.5619131326675415,-0.33443593978881836,0.2632112205028534,0.509296178817749,-0.2948010563850403,0.14560467004776,0.6351617574691772,-0.2908494174480438,0.20156081020832062,0.678098201751709,-0.3727330267429352,0.20363488793373108,0.6533491015434265,-0.3686738908290863,0.1910809725522995,0.6054929494857788,-0.3543020784854889,0,0,0,0,0,0,0,0,0,0,0,0,0,0,0,0,0,0,0,0,0,0,0,0,0,0,0,0,0,0,0,0,0,0,0,0,0,0,0,0,0,0,0,0,0,0,0,0,0,0,0,0,0,0,0,0,0,0,0,0,0,0,0,You
0,0,0,0,0,0,0,0,0,0,0,0,0,0,0,0,0,0,0,0,0,0,0,0,0,0,0,0,0,0,0,0,0,0,0,0,0,0,0,0,0,0,0,0,0,0,0,0,0,0,0,0,0,0,0,0,0,0,0,0,0,0,0,0,0,0,0,0,0,0,0,0,0,0,0,0,0,0,0,0,0,0,0,0,0,0,0,0,0,0,0,0,0,0,0,0,0,0,0,0,0,0,0,0,0,0,0,0,0,0,0,0,0,0,0,0,0,0,0,0,0,0,0,0,0,0,You
0.21533659100532532,0.574311375617981,7.776528718750342e-07,0.2631656527519226,0.44137459993362427,-0.111829973757267,0.2671218812465668,0.32212841510772705,-0.21394512057304382,0.23263052105903625,0.28463083505630493,-0.29323458671569824,0.1836743950843811,0.2724963128566742,-0.36978834867477417,0.27023953199386597,0.32999566197395325,-0.28863751888275146,0.33329612016677856,0.36198294162750244,-0.43333160877227783,0.36730140447616577,0.4288426637649536,-0.5155254602432251,0.38302090764045715,0.4763733446598053,-0.561904788017273,0.22115185856819153,0.4345754384994507,-0.2838389575481415,0.2918197810649872,0.4629843235015869,-0.4262317717075348,0.3194037079811096,0.4820561707019806,-0.47546643018722534,0.32423651218414307,0.4834100008010864,-0.507063090801239,0.18220219016075134,0.537830650806427,-0.2817078232765198,0.24466295540332794,0.5768710374832153,-0.39808839559555054,0.26954004168510437,0.5743991136550903,-0.410600483417511,0.2798101007938385,0.5526312589645386,-0.4133613407611847,0.15145748853683472,0.6296207904815674,-0.2861253619194031,0.18302498757839203,0.646888017654419,-0.3715134263038635,0.20663675665855408,0.6386044025421143,-0.38959771394729614,0.22751107811927795,0.6144499182701111,-0.40038245916366577,0,0,0,0,0,0,0,0,0,0,0,0,0,0,0,0,0,0,0,0,0,0,0,0,0,0,0,0,0,0,0,0,0,0,0,0,0,0,0,0,0,0,0,0,0,0,0,0,0,0,0,0,0,0,0,0,0,0,0,0,0,0,0,You
0,0,0,0,0,0,0,0,0,0,0,0,0,0,0,0,0,0,0,0,0,0,0,0,0,0,0,0,0,0,0,0,0,0,0,0,0,0,0,0,0,0,0,0,0,0,0,0,0,0,0,0,0,0,0,0,0,0,0,0,0,0,0,0,0,0,0,0,0,0,0,0,0,0,0,0,0,0,0,0,0,0,0,0,0,0,0,0,0,0,0,0,0,0,0,0,0,0,0,0,0,0,0,0,0,0,0,0,0,0,0,0,0,0,0,0,0,0,0,0,0,0,0,0,0,0,You
0,0,0,0,0,0,0,0,0,0,0,0,0,0,0,0,0,0,0,0,0,0,0,0,0,0,0,0,0,0,0,0,0,0,0,0,0,0,0,0,0,0,0,0,0,0,0,0,0,0,0,0,0,0,0,0,0,0,0,0,0,0,0,0,0,0,0,0,0,0,0,0,0,0,0,0,0,0,0,0,0,0,0,0,0,0,0,0,0,0,0,0,0,0,0,0,0,0,0,0,0,0,0,0,0,0,0,0,0,0,0,0,0,0,0,0,0,0,0,0,0,0,0,0,0,0,You
0,0,0,0,0,0,0,0,0,0,0,0,0,0,0,0,0,0,0,0,0,0,0,0,0,0,0,0,0,0,0,0,0,0,0,0,0,0,0,0,0,0,0,0,0,0,0,0,0,0,0,0,0,0,0,0,0,0,0,0,0,0,0,0,0,0,0,0,0,0,0,0,0,0,0,0,0,0,0,0,0,0,0,0,0,0,0,0,0,0,0,0,0,0,0,0,0,0,0,0,0,0,0,0,0,0,0,0,0,0,0,0,0,0,0,0,0,0,0,0,0,0,0,0,0,0,You
0.1966940462589264,0.5665957927703857,7.965311397128971e-07,0.24944262206554413,0.4384080171585083,-0.1157839223742485,0.26412227749824524,0.32804638147354126,-0.22190891206264496,0.24186526238918304,0.30346405506134033,-0.30273449420928955,0.19962403178215027,0.315077543258667,-0.38144683837890625,0.24948108196258545,0.3550567626953125,-0.3080793023109436,0.30686068534851074,0.3906809687614441,-0.4479594826698303,0.3383568227291107,0.4496978223323822,-0.5236864686012268,0.3491487503051758,0.4904833436012268,-0.5654025077819824,0.20593100786209106,0.45830756425857544,-0.2969537377357483,0.28489285707473755,0.5023161768913269,-0.429823100566864,0.3099863827228546,0.5045815706253052,-0.4734611213207245,0.30991750955581665,0.48900675773620605,-0.5039470791816711,0.1729823499917984,0.5544468760490417,-0.2867639660835266,0.2420700639486313,0.5993287563323975,-0.3961232006549835,0.2614538073539734,0.5862089395523071,-0.4092308580875397,0.2654728889465332,0.5591775178909302,-0.4142495393753052,0.1474807858467102,0.6345895528793335,-0.28289932012557983,0.17884567379951477,0.6455941200256348,-0.3639926612377167,0.19050322473049164,0.6270345449447632,-0.38332313299179077,0.20054815709590912,0.5999173521995544,-0.39611443877220154,0,0,0,0,0,0,0,0,0,0,0,0,0,0,0,0,0,0,0,0,0,0,0,0,0,0,0,0,0,0,0,0,0,0,0,0,0,0,0,0,0,0,0,0,0,0,0,0,0,0,0,0,0,0,0,0,0,0,0,0,0,0,0,You
0.19499456882476807,0.5569360852241516,1.1262735597483697e-06,0.2357262820005417,0.41582128405570984,-0.09785046428442001,0.2515588104724884,0.32262125611305237,-0.20353904366493225,0.22859856486320496,0.29700711369514465,-0.290883332490921,0.1755441427230835,0.2937333583831787,-0.3756242096424103,0.2747590243816376,0.36489343643188477,-0.28224119544029236,0.33816367387771606,0.39354610443115234,-0.4259279668331146,0.36336103081703186,0.4336247444152832,-0.5058987140655518,0.36849793791770935,0.4665590524673462,-0.5501499772071838,0.2273852378129959,0.46412909030914307,-0.2811942398548126,0.2832392156124115,0.4953223168849945,-0.4238879978656769,0.2960280478000641,0.5038000345230103,-0.46496033668518066,0.2948530316352844,0.4885998070240021,-0.4883992075920105,0.18338355422019958,0.5580861568450928,-0.27990031242370605,0.2287980020046234,0.5865784287452698,-0.3922305107116699,0.24330613017082214,0.5696876049041748,-0.380880743265152,0.24717482924461365,0.5401813387870789,-0.3643879294395447,0.1389492154121399,0.6272063255310059,-0.284175306558609,0.16480529308319092,0.6377067565917969,-0.3630993366241455,0.17856059968471527,0.6201639175415039,-0.3635784983634949,0.19039176404476166,0.5940799713134766,-0.35839518904685974,0,0,0,0,0,0,0,0,0,0,0,0,0,0,0,0,0,0,0,0,0,0,0,0,0,0,0,0,0,0,0,0,0,0,0,0,0,0,0,0,0,0,0,0,0,0,0,0,0,0,0,0,0,0,0,0,0,0,0,0,0,0,0,You
0,0,0,0,0,0,0,0,0,0,0,0,0,0,0,0,0,0,0,0,0,0,0,0,0,0,0,0,0,0,0,0,0,0,0,0,0,0,0,0,0,0,0,0,0,0,0,0,0,0,0,0,0,0,0,0,0,0,0,0,0,0,0,0.2120310515165329,0.5574468970298767,1.1453172419351176e-06,0.22439177334308624,0.41013064980506897,-0.09700968116521835,0.23350179195404053,0.33028942346572876,-0.19963131844997406,0.21195505559444427,0.30147767066955566,-0.2881946861743927,0.16198013722896576,0.28748175501823425,-0.3752925992012024,0.29308465123176575,0.3848627805709839,-0.26010313630104065,0.3324243426322937,0.41836830973625183,-0.3997424244880676,0.3450595736503601,0.4272748529911041,-0.49175143241882324,0.3439469635486603,0.453154057264328,-0.5495960712432861,0.2579266428947449,0.4880976378917694,-0.26575717329978943,0.28744274377822876,0.5049564242362976,-0.4189782738685608,0.262848824262619,0.47887489199638367,-0.4919743239879608,0.24555577337741852,0.47200244665145874,-0.5388074517250061,0.2184588760137558,0.5765743255615234,-0.2696997821331024,0.23399603366851807,0.5912030935287476,-0.37754279375076294,0.1932763159275055,0.5410114526748657,-0.3803790807723999,0.16798634827136993,0.5080057978630066,-0.37728413939476013,0.17842671275138855,0.6423122882843018,-0.2811790704727173,0.17819219827651978,0.6433736085891724,-0.3518702983856201,0.1576959788799286,0.6103186011314392,-0.3561994731426239,0.146241694688797,0.5889599323272705,-0.3574497699737549,You
0,0,0,0,0,0,0,0,0,0,0,0,0,0,0,0,0,0,0,0,0,0,0,0,0,0,0,0,0,0,0,0,0,0,0,0,0,0,0,0,0,0,0,0,0,0,0,0,0,0,0,0,0,0,0,0,0,0,0,0,0,0,0,0.17753082513809204,0.5840216875076294,9.288119713346532e-07,0.17989301681518555,0.4324493408203125,-0.09059987962245941,0.19763873517513275,0.3488122224807739,-0.18170204758644104,0.19323205947875977,0.3081567585468292,-0.26190561056137085,0.16536757349967957,0.29633164405822754,-0.34063369035720825,0.2932327687740326,0.3954584002494812,-0.2148270457983017,0.32835906744003296,0.4149557650089264,-0.3316861689090729,0.3353818655014038,0.4247839152812958,-0.40305355191230774,0.3332217335700989,0.4547275900840759,-0.44631364941596985,0.26560142636299133,0.4966423213481903,-0.22008471190929413,0.3001411557197571,0.5033741593360901,-0.35194024443626404,0.2547887861728668,0.468921035528183,-0.40655145049095154,0.22537033259868622,0.4606465697288513,-0.43489232659339905,0.2312076836824417,0.5870268940925598,-0.22678545117378235,0.25331419706344604,0.5955379009246826,-0.3236059546470642,0.19908250868320465,0.5414623022079468,-0.32339996099472046,0.16388164460659027,0.5145257711410522,-0.31396326422691345,0.19426670670509338,0.6619319915771484,-0.2407040148973465,0.20206810534000397,0.6660441160202026,-0.30113181471824646,0.16583162546157837,0.6309434175491333,-0.2995802164077759,0.1381499469280243,0.6162395477294922,-0.2937958836555481,You
0,0,0,0,0,0,0,0,0,0,0,0,0,0,0,0,0,0,0,0,0,0,0,0,0,0,0,0,0,0,0,0,0,0,0,0,0,0,0,0,0,0,0,0,0,0,0,0,0,0,0,0,0,0,0,0,0,0,0,0,0,0,0,0.17997421324253082,0.5874209403991699,1.1848513850054587e-06,0.18452522158622742,0.44679927825927734,-0.0931348130106926,0.20661546289920807,0.3625684082508087,-0.1967906802892685,0.20112155377864838,0.3127862215042114,-0.2870129644870758,0.1687915325164795,0.28872227668762207,-0.37746691703796387,0.2771221995353699,0.40807023644447327,-0.24758252501487732,0.31381064653396606,0.41642165184020996,-0.369974821805954,0.3292192220687866,0.4251756966114044,-0.4429885149002075,0.33387207984924316,0.4487572908401489,-0.48849421739578247,0.25249695777893066,0.5128546357154846,-0.25127094984054565,0.2937866449356079,0.5053261518478394,-0.3879164159297943,0.2661427855491638,0.4673556983470917,-0.4401320219039917,0.24673181772232056,0.45427414774894714,-0.4674399495124817,0.21942001581192017,0.6069590449333191,-0.2540121376514435,0.25027361512184143,0.6020079851150513,-0.34774500131607056,0.20186758041381836,0.5440021753311157,-0.3404134511947632,0.16852311789989471,0.5114429593086243,-0.32806169986724854,0.18480367958545685,0.6811281442642212,-0.2637215256690979,0.19183620810508728,0.6670148372650146,-0.32283350825309753,0.1563652604818344,0.6333280801773071,-0.3205823600292206,0.13017825782299042,0.6189129948616028,-0.31571802496910095,You
0,0,0,0,0,0,0,0,0,0,0,0,0,0,0,0,0,0,0,0,0,0,0,0,0,0,0,0,0,0,0,0,0,0,0,0,0,0,0,0,0,0,0,0,0,0,0,0,0,0,0,0,0,0,0,0,0,0,0,0,0,0,0,0.1704462170600891,0.5795872807502747,9.410927646058553e-07,0.1674422025680542,0.4428996741771698,-0.09517230838537216,0.19197531044483185,0.35649222135543823,-0.18756921589374542,0.19739921391010284,0.30907201766967773,-0.26762375235557556,0.1789013147354126,0.2938849627971649,-0.34752538800239563,0.283155620098114,0.4044075608253479,-0.21405823528766632,0.31519952416419983,0.4185279309749603,-0.3325852155685425,0.3264707922935486,0.42178550362586975,-0.40538519620895386,0.3335791826248169,0.43450653553009033,-0.4510444402694702,0.2655240297317505,0.5057647824287415,-0.21937307715415955,0.2966518700122833,0.504525363445282,-0.3599141240119934,0.2519170641899109,0.4645078480243683,-0.42174142599105835,0.2233051061630249,0.4451829493045807,-0.4526814818382263,0.23909208178520203,0.597714900970459,-0.22712625563144684,0.25144290924072266,0.6030887365341187,-0.3342326879501343,0.19224286079406738,0.5487018823623657,-0.34534144401550293,0.15932932496070862,0.510832667350769,-0.3417515754699707,0.20837244391441345,0.6757484674453735,-0.2414950579404831,0.1909814178943634,0.6773433089256287,-0.31210148334503174,0.1456969678401947,0.6462334394454956,-0.321745365858078,0.12112196534872055,0.6222171187400818,-0.32354414463043213,You
0,0,0,0,0,0,0,0,0,0,0,0,0,0,0,0,0,0,0,0,0,0,0,0,0,0,0,0,0,0,0,0,0,0,0,0,0,0,0,0,0,0,0,0,0,0,0,0,0,0,0,0,0,0,0,0,0,0,0,0,0,0,0,0.17361435294151306,0.582475483417511,9.447578008803248e-07,0.16635361313819885,0.44623103737831116,-0.10164583474397659,0.1926196664571762,0.35380101203918457,-0.1995469033718109,0.20036104321479797,0.30623680353164673,-0.2844838798046112,0.18207912147045135,0.28834861516952515,-0.36838197708129883,0.2858959436416626,0.3991003632545471,-0.22472025454044342,0.31740134954452515,0.40863093733787537,-0.3523736894130707,0.3233126997947693,0.41692858934402466,-0.4292653799057007,0.32662174105644226,0.43415698409080505,-0.4764629900455475,0.2682028114795685,0.5047202706336975,-0.22987648844718933,0.29281795024871826,0.49975982308387756,-0.3819834291934967,0.25077733397483826,0.468576580286026,-0.4490235149860382,0.23180440068244934,0.45475712418556213,-0.48223167657852173,0.2428770363330841,0.5983076095581055,-0.23879854381084442,0.2578872740268707,0.5974912643432617,-0.35941630601882935,0.19747954607009888,0.5477331876754761,-0.3780984580516815,0.16623084247112274,0.514629065990448,-0.37763041257858276,0.21333575248718262,0.6772067546844482,-0.25415849685668945,0.19808340072631836,0.6800040006637573,-0.3381301760673523,0.14884531497955322,0.6550104022026062,-0.3569737672805786,0.12337673455476761,0.6351978778839111,-0.3639466464519501,You
0,0,0,0,0,0,0,0,0,0,0,0,0,0,0,0,0,0,0,0,0,0,0,0,0,0,0,0,0,0,0,0,0,0,0,0,0,0,0,0,0,0,0,0,0,0,0,0,0,0,0,0,0,0,0,0,0,0,0,0,0,0,0,0.17028917372226715,0.5870068073272705,7.804942470102105e-07,0.1671750247478485,0.4484483301639557,-0.09899355471134186,0.19346089661121368,0.35209527611732483,-0.1926279515028,0.20171019434928894,0.30337584018707275,-0.2741246223449707,0.1829681694507599,0.2911224961280823,-0.3541662096977234,0.28976792097091675,0.4060949683189392,-0.211720809340477,0.3230937719345093,0.40874651074409485,-0.33918851613998413,0.32422342896461487,0.4135381877422333,-0.4139869213104248,0.3222775459289551,0.42750588059425354,-0.4578680992126465,0.2732619047164917,0.5071173906326294,-0.21835081279277802,0.3013487160205841,0.4961625635623932,-0.3682605028152466,0.24492189288139343,0.45945605635643005,-0.42771342396736145,0.21321101486682892,0.4412910044193268,-0.45251360535621643,0.24750113487243652,0.5983569622039795,-0.23081262409687042,0.2579851746559143,0.5944117307662964,-0.3554089665412903,0.1949862241744995,0.5445563793182373,-0.37575072050094604,0.1622529923915863,0.5096085071563721,-0.3731890022754669,0.21565750241279602,0.676760733127594,-0.2492738664150238,0.19664430618286133,0.6831506490707397,-0.3365061283111572,0.14936435222625732,0.6565968990325928,-0.3570331633090973,0.12562228739261627,0.6340438723564148,-0.3635254204273224,You
0,0,0,0,0,0,0,0,0,0,0,0,0,0,0,0,0,0,0,0,0,0,0,0,0,0,0,0,0,0,0,0,0,0,0,0,0,0,0,0,0,0,0,0,0,0,0,0,0,0,0,0,0,0,0,0,0,0,0,0,0,0,0,0.16882362961769104,0.5861126780509949,7.655441436327237e-07,0.16359275579452515,0.4542163014411926,-0.0997449979186058,0.18888139724731445,0.35750436782836914,-0.19467224180698395,0.19883280992507935,0.3051822781562805,-0.27737951278686523,0.18319310247898102,0.30103635787963867,-0.3579672574996948,0.2870909869670868,0.406514972448349,-0.2121409922838211,0.3230290114879608,0.4042718708515167,-0.3388727307319641,0.3231425881385803,0.40855133533477783,-0.4109320640563965,0.3212876319885254,0.4259187579154968,-0.45232251286506653,0.27254992723464966,0.5090923309326172,-0.2165900617837906,0.2997826933860779,0.5013043880462646,-0.36500462889671326,0.242579847574234,0.46444809436798096,-0.41972777247428894,0.21292558312416077,0.4468425512313843,-0.4401276111602783,0.24855811893939972,0.6002181172370911,-0.22687000036239624,0.25713449716567993,0.6026583313941956,-0.3469715714454651,0.19128692150115967,0.55320143699646,-0.3603038489818573,0.15987400710582733,0.5181040167808533,-0.3527964949607849,0.21918819844722748,0.6775922775268555,-0.24373994767665863,0.19596588611602783,0.6870114207267761,-0.3263698220252991,0.146796315908432,0.6589552760124207,-0.3429069519042969,0.12300875782966614,0.6360889673233032,-0.3459039330482483,You
0,0,0,0,0,0,0,0,0,0,0,0,0,0,0,0,0,0,0,0,0,0,0,0,0,0,0,0,0,0,0,0,0,0,0,0,0,0,0,0,0,0,0,0,0,0,0,0,0,0,0,0,0,0,0,0,0,0,0,0,0,0,0,0.15898093581199646,0.5817264914512634,7.64710932799062e-07,0.1554679572582245,0.4547438323497772,-0.10077975690364838,0.18282431364059448,0.3581034541130066,-0.19490060210227966,0.19672584533691406,0.3051200807094574,-0.2773968577384949,0.1853259950876236,0.30277854204177856,-0.35737812519073486,0.28541165590286255,0.40521934628486633,-0.20168498158454895,0.3252231478691101,0.40286582708358765,-0.32707878947257996,0.32399290800094604,0.4090893268585205,-0.3971407413482666,0.3184196650981903,0.42926546931266785,-0.43590041995048523,0.2723086476325989,0.5081011056900024,-0.2057056725025177,0.30100223422050476,0.49860477447509766,-0.3541839122772217,0.2428324967622757,0.46429216861724854,-0.40719863772392273,0.2133142203092575,0.4504246413707733,-0.4237813651561737,0.2498452365398407,0.5999361276626587,-0.2167949378490448,0.25691699981689453,0.6006176471710205,-0.33880630135536194,0.18974173069000244,0.5522341728210449,-0.35212838649749756,0.1582394391298294,0.518592357635498,-0.342283695936203,0.22159141302108765,0.6785534024238586,-0.23466624319553375,0.20020298659801483,0.6871888637542725,-0.3187927305698395,0.14846187829971313,0.6579102873802185,-0.33454442024230957,0.12236437201499939,0.6346211433410645,-0.3350721299648285,You
0,0,0,0,0,0,0,0,0,0,0,0,0,0,0,0,0,0,0,0,0,0,0,0,0,0,0,0,0,0,0,0,0,0,0,0,0,0,0,0,0,0,0,0,0,0,0,0,0,0,0,0,0,0,0,0,0,0,0,0,0,0,0,0.16292986273765564,0.5839100480079651,7.742096386209596e-07,0.15969230234622955,0.4577157497406006,-0.10261781513690948,0.18617480993270874,0.3609585762023926,-0.19818826019763947,0.19917342066764832,0.3087007403373718,-0.2833032011985779,0.18414288759231567,0.301754891872406,-0.3662993013858795,0.2821882963180542,0.40278634428977966,-0.19710135459899902,0.32338225841522217,0.3959343731403351,-0.325082004070282,0.3195170760154724,0.40459564328193665,-0.3959806263446808,0.3125211000442505,0.4317207336425781,-0.43438205122947693,0.27047520875930786,0.5054726004600525,-0.20131255686283112,0.3013322651386261,0.49114543199539185,-0.3527815341949463,0.24008379876613617,0.45818668603897095,-0.40483275055885315,0.2106541395187378,0.44935935735702515,-0.4190315306186676,0.249021977186203,0.59874427318573,-0.2138172835111618,0.26157861948013306,0.5979374051094055,-0.3391983211040497,0.19140097498893738,0.5496490001678467,-0.350484699010849,0.15978999435901642,0.5197115540504456,-0.3376258611679077,0.22261489927768707,0.6777552366256714,-0.23345227539539337,0.20435863733291626,0.680442214012146,-0.3196840286254883,0.1499137431383133,0.6511843204498291,-0.3350136876106262,0.12273457646369934,0.6317216157913208,-0.3342447876930237,You
